-- MySQL dump 10.13  Distrib 8.0.33, for macos13 (x86_64)
--
-- Host: localhost    Database: global_countries
-- ------------------------------------------------------
-- Server version	8.0.33

/*!40101 SET @OLD_CHARACTER_SET_CLIENT=@@CHARACTER_SET_CLIENT */;
/*!40101 SET @OLD_CHARACTER_SET_RESULTS=@@CHARACTER_SET_RESULTS */;
/*!40101 SET @OLD_COLLATION_CONNECTION=@@COLLATION_CONNECTION */;
/*!50503 SET NAMES utf8 */;
/*!40103 SET @OLD_TIME_ZONE=@@TIME_ZONE */;
/*!40103 SET TIME_ZONE='+00:00' */;
/*!40014 SET @OLD_UNIQUE_CHECKS=@@UNIQUE_CHECKS, UNIQUE_CHECKS=0 */;
/*!40014 SET @OLD_FOREIGN_KEY_CHECKS=@@FOREIGN_KEY_CHECKS, FOREIGN_KEY_CHECKS=0 */;
/*!40101 SET @OLD_SQL_MODE=@@SQL_MODE, SQL_MODE='NO_AUTO_VALUE_ON_ZERO' */;
/*!40111 SET @OLD_SQL_NOTES=@@SQL_NOTES, SQL_NOTES=0 */;

--
-- Select database
--

USE global_countries;

--
-- Table structure for table `countries`
--

DROP TABLE IF EXISTS `countries`;
/*!40101 SET @saved_cs_client     = @@character_set_client */;
/*!50503 SET character_set_client = utf8mb4 */;
CREATE TABLE `countries` (
  `cID` int NOT NULL AUTO_INCREMENT,
  `country` varchar(45) DEFAULT NULL,
  `abbrev` varchar(45) DEFAULT NULL,
  `call_code` varchar(45) DEFAULT NULL,
  `off_lang` varchar(45) DEFAULT NULL,
  `latitude` double DEFAULT NULL,
  `longitude` double DEFAULT NULL,
  PRIMARY KEY (`cID`),
  UNIQUE KEY `CountryID_UNIQUE` (`cID`)
) ENGINE=InnoDB AUTO_INCREMENT=196 DEFAULT CHARSET=utf8mb3;
/*!40101 SET character_set_client = @saved_cs_client */;

--
-- Dumping data for table `countries`
--

LOCK TABLES `countries` WRITE;
/*!40000 ALTER TABLE `countries` DISABLE KEYS */;
INSERT INTO `countries` VALUES (1,'Afghanistan','AF','93','Pashto',33.93911,67.709953),(2,'Albania','AL','355','Albanian',41.153332,20.168331),(3,'Algeria','DZ','213','Arabic',28.033886,1.659626),(4,'Andorra','AD','376','Catalan',42.506285,1.521801),(5,'Angola','AO','244','Portuguese',-11.202692,17.873887),(6,'Antigua and Barbuda','AG','1','English',17.060816,-61.796428),(7,'Argentina','AR','54','Spanish',-38.416097,-63.616672),(8,'Armenia','AM','374','Armenian',40.069099,45.038189),(9,'Australia','AU','61','None',-25.274398,133.775136),(10,'Austria','AT','43','German',47.516231,14.550072),(11,'Azerbaijan','AZ','994','Azerbaijani language',40.143105,47.576927),(12,'The Bahamas','BS','1','English',25.03428,-77.39628),(13,'Bahrain','BH','973','Arabic',26.0667,50.5577),(14,'Bangladesh','BD','880','Bengali',23.684994,90.356331),(15,'Barbados','BB','1','English',13.193887,-59.543198),(16,'Belarus','BY','375','Russian',53.709807,27.953389),(17,'Belgium','BE','32','French',50.503887,4.469936),(18,'Belize','BZ','501','English',17.189877,-88.49765),(19,'Benin','BJ','229','French',9.30769,2.315834),(20,'Bhutan','BT','975','Dzongkha',27.514162,90.433601),(21,'Bolivia','BO','591','Spanish',-16.290154,-63.588653),(22,'Bosnia and Herzegovina','BA','387','Bosnian',43.915886,17.679076),(23,'Botswana','BW','267','English',-22.328474,24.684866),(24,'Brazil','BR','55','Portuguese',-14.235004,-51.92528),(25,'Brunei','BN','673','Malay',4.535277,114.727669),(26,'Bulgaria','BG','359','Bulgarian',42.733883,25.48583),(27,'Burkina Faso','BF','226','French',12.238333,-1.561593),(28,'Burundi','BI','257','Kirundi',-3.373056,29.918886),(29,'Ivory Coast','CI','225','French',7.539989,-5.54708),(30,'Cape Verde','CV','238','Portuguese',16.5388,-23.0418),(31,'Cambodia','KH','855','Khmer language',12.565679,104.990963),(32,'Cameroon','CM','237','French',7.369722,12.354722),(33,'Canada','CA','1','French',56.130366,-106.346771),(34,'Central African Republic','CF','236','French',6.611111,20.939444),(35,'Chad','TD','235','French',15.454166,18.732207),(36,'Chile','CL','56','Spanish',-35.675147,-71.542969),(37,'China','CN','86','Standard Chinese',35.86166,104.195397),(38,'Colombia','CO','57','Spanish',4.570868,-74.297333),(39,'Comoros','KM','269','French',-11.6455,43.3333),(40,'Republic of the Congo','0','242','French',-0.228021,15.827659),(41,'Costa Rica','CR','506','Spanish',9.748917,-83.753428),(42,'Croatia','HR','385','Croatian',45.1,15.2),(43,'Cuba','CU','53','Spanish',21.521757,-77.781167),(44,'Cyprus','CY','357','Greek',35.126413,33.429859),(45,'Czech Republic','CZ','420','Czech',49.817492,15.472962),(46,'Democratic Republic of the Congo','CD','243','French',-4.038333,21.758664),(47,'Denmark','DK','45','Danish',56.26392,9.501785),(48,'Djibouti','DJ','253','French',11.825138,42.590275),(49,'Dominica','DM','1','English',15.414999,-61.370976),(50,'Dominican Republic','DO','1','Spanish',18.735693,-70.162651),(51,'Ecuador','EC','593','Spanish',-1.831239,-78.183406),(52,'Egypt','EG','20','Modern Standard Arabic',26.820553,30.802498),(53,'El Salvador','SV','503','Spanish',13.794185,-88.89653),(54,'Equatorial Guinea','GQ','240','Spanish',1.650801,10.267895),(55,'Eritrea','ER','291','Tigrinya',15.179384,39.782334),(56,'Estonia','EE','372','Estonian',58.595272,25.013607),(57,'Eswatini','0','268','English',-26.522503,31.465866),(58,'Ethiopia','ET','251','Amharic',9.145,40.489673),(59,'Fiji','FJ','679','Fiji Hindi',-17.713371,178.065032),(60,'Finland','FI','358','Swedish',61.92411,25.748151),(61,'France','FR','33','French',46.227638,2.213749),(62,'Gabon','GA','241','French',-0.803689,11.609444),(63,'The Gambia','GM','220','English',13.443182,-15.310139),(64,'Georgia','GE','995','Georgian',42.315407,43.356892),(65,'Germany','DE','49','German',51.165691,10.451526),(66,'Ghana','GH','233','English',7.946527,-1.023194),(67,'Greece','GR','30','Greek',39.074208,21.824312),(68,'Grenada','GD','1','English',12.1165,-61.679),(69,'Guatemala','GT','502','Spanish',15.783471,-90.230759),(70,'Guinea','GN','224','French',9.945587,-9.696645),(71,'Guinea-Bissau','GW','245','Portuguese',11.803749,-15.180413),(72,'Guyana','GY','592','English',4.860416,-58.93018),(73,'Haiti','HT','509','French',18.971187,-72.285215),(74,'Vatican City','0','379','Italian',41.902916,12.453389),(75,'Honduras','HN','504','Spanish',15.199999,-86.241905),(76,'Hungary','HU','36','Hungarian',47.162494,19.503304),(77,'Iceland','IS','354','Icelandic',64.963051,-19.020835),(78,'India','IN','91','Hindi',20.593684,78.96288),(79,'Indonesia','ID','62','Indonesian',-0.789275,113.921327),(80,'Iran','IR','98','Persian',32.427908,53.688046),(81,'Iraq','IQ','964','Arabic',33.223191,43.679291),(82,'Republic of Ireland','0','353','Irish',53.41291,-8.24389),(83,'Israel','IL','972','Hebrew',31.046051,34.851612),(84,'Italy','IT','39','Italian',41.87194,12.56738),(85,'Jamaica','JM','1876','Jamaican English',18.109581,-77.297508),(86,'Japan','JP','81','None',36.204824,138.252924),(87,'Jordan','JO','962','Arabic',30.585164,36.238414),(88,'Kazakhstan','KZ','7','Russian',48.019573,66.923684),(89,'Kenya','KE','254','Swahili',-0.023559,37.906193),(90,'Kiribati','KI','686','English',1.8368976,-157.3768317),(91,'Kuwait','KW','965','Modern Standard Arabic',29.31166,47.481766),(92,'Kyrgyzstan','KG','996','Russian',41.20438,74.766098),(93,'Laos','LA','856','Lao',19.85627,102.495496),(94,'Latvia','LV','371','Latvian',56.879635,24.603189),(95,'Lebanon','LB','961','Arabic',33.854721,35.862285),(96,'Lesotho','LS','266','English',-29.609988,28.233608),(97,'Liberia','LR','231','English',6.428055,-9.429499),(98,'Libya','LY','218','Arabic',26.3351,17.228331),(99,'Liechtenstein','LI','423','German',47.1410392,9.520935),(100,'Lithuania','LT','370','Lithuanian',55.169438,23.881275),(101,'Luxembourg','LU','352','Luxembourgish',49.815273,6.129583),(102,'Madagascar','MG','261','French',-18.766947,46.869107),(103,'Malawi','MW','265','English',-13.254308,34.301525),(104,'Malaysia','MY','60','Malaysian language',4.210484,101.975766),(105,'Maldives','MV','960','Divehi',3.202778,73.22068),(106,'Mali','ML','223','French',17.570692,-3.996166),(107,'Malta','MT','356','Maltese',35.937496,14.375416),(108,'Marshall Islands','MH','692','Marshallese',7.131474,171.184478),(109,'Mauritania','MR','222','Arabic',21.00789,-10.940835),(110,'Mauritius','MU','230','French',-20.348404,57.552152),(111,'Mexico','MX','52','None',23.634501,-102.552784),(112,'Federated States of Micronesia','FM','691','English',7.425554,150.550812),(113,'Moldova','MD','373','Romanian',47.411631,28.369885),(114,'Monaco','MC','377','French',43.7384176,7.4246158),(115,'Mongolia','MN','976','Mongolian',46.862496,103.846656),(116,'Montenegro','ME','382','Montenegrin language',42.708678,19.37439),(117,'Morocco','MA','212','Arabic',31.791702,-7.09262),(118,'Mozambique','MZ','258','Portuguese',-18.665695,35.529562),(119,'Myanmar','MM','95','Burmese',21.916221,95.955974),(120,'Namibia','0','264','English',-22.95764,18.49041),(121,'Nauru','NR','674','English',-0.522778,166.931503),(122,'Nepal','NP','977','Nepali',28.394857,84.124008),(123,'Netherlands','NL','31','Dutch',52.132633,5.291266),(124,'New Zealand','NZ','64','English',-40.900557,174.885971),(125,'Nicaragua','NI','505','Spanish',12.865416,-85.207229),(126,'Niger','NE','227','French',17.607789,8.081666),(127,'Nigeria','NG','234','English',9.081999,8.675277),(128,'North Korea','KP','850','Korean',40.339852,127.510093),(129,'North Macedonia','0','389','Macedonian',41.608635,21.745275),(130,'Norway','NO','47','Norwegian',60.472024,8.468946),(131,'Oman','OM','968','Arabic',21.4735329,55.975413),(132,'Pakistan','PK','92','Urdu',30.375321,69.345116),(133,'Palau','PW','680','English',7.51498,134.58252),(134,'Palestinian National Authority','0','0','Arabic',31.952162,35.233154),(135,'Panama','PA','507','Spanish',8.537981,-80.782127),(136,'Papua New Guinea','PG','675','Tok Pisin',-6.314993,143.95555),(137,'Paraguay','PY','595','Spanish',-23.442503,-58.443832),(138,'Peru','PE','51','Spanish',-9.189967,-75.015152),(139,'Philippines','PH','63','English',12.879721,121.774017),(140,'Poland','PL','48','Polish',51.919438,19.145136),(141,'Portugal','PT','351','Portuguese',39.399872,-8.224454),(142,'Qatar','QA','974','Arabic',25.354826,51.183884),(143,'Romania','RO','40','Romanian',45.943161,24.96676),(144,'Russia','RU','7','Russian',61.52401,105.318756),(145,'Rwanda','RW','250','Swahili',-1.940278,29.873888),(146,'Saint Kitts and Nevis','KN','1','English',17.357822,-62.782998),(147,'Saint Lucia','LC','1','English',13.909444,-60.978893),(148,'Saint Vincent and the Grenadines','VC','1','English',12.984305,-61.287228),(149,'Samoa','WS','685','Samoan',-13.759029,-172.104629),(150,'San Marino','SM','378','Italian',43.94236,12.457777),(151,'S???????????','ST','239','0',0,0),(152,'Saudi Arabia','SA','966','Arabic',23.885942,45.079162),(153,'Senegal','SN','221','French',14.497401,-14.452362),(154,'Serbia','RS','381','Serbian',44.016521,21.005859),(155,'Seychelles','SC','248','French',-4.679574,55.491977),(156,'Sierra Leone','SL','232','English',8.460555,-11.779889),(157,'Singapore','SG','65','Malay',1.352083,103.819836),(158,'Slovakia','SK','421','Slovak',48.669026,19.699024),(159,'Slovenia','SI','386','Slovene language',46.151241,14.995463),(160,'Solomon Islands','SB','677','English',-9.64571,160.156194),(161,'Somalia','SO','252','Arabic',5.152149,46.199616),(162,'South Africa','ZA','27','Afrikaans',-30.559482,22.937506),(163,'South Korea','KR','82','Korean',35.907757,127.766922),(164,'South Sudan','SS','211','English',6.8769919,31.3069788),(165,'Spain','ES','34','Spanish',40.463667,-3.74922),(166,'Sri Lanka','LK','94','Tamil',7.873054,80.771797),(167,'Sudan','SD','249','Arabic',12.862807,30.217636),(168,'Suriname','SR','597','Dutch',3.919305,-56.027783),(169,'Sweden','SE','46','Swedish',60.128161,18.643501),(170,'Switzerland','CH','41','German',46.818188,8.227512),(171,'Syria','SY','963','Arabic',34.802075,38.996815),(172,'Tajikistan','TJ','992','Persian',38.861034,71.276093),(173,'Tanzania','TZ','255','Swahili',-6.369028,34.888822),(174,'Thailand','TH','66','Thai',15.870032,100.992541),(175,'East Timor','TL','670','Portuguese',-8.874217,125.727539),(176,'Togo','TG','228','French',8.619543,0.824782),(177,'Tonga','TO','676','Tongan Language',-21.178986,-175.198242),(178,'Trinidad and Tobago','TT','1','English',10.691803,-61.222503),(179,'Tunisia','TN','216','Arabic',33.886917,9.537499),(180,'Turkey','TR','90','Turkish',38.963745,35.243322),(181,'Turkmenistan','TM','993','Turkmen',38.969719,59.556278),(182,'Tuvalu','TV','688','Tuvaluan Language',-7.109535,177.64933),(183,'Uganda','UG','256','Swahili',1.373333,32.290275),(184,'Ukraine','UA','380','Ukrainian',48.379433,31.16558),(185,'United Arab Emirates','AE','971','Arabic',23.424076,53.847818),(186,'United Kingdom','GB','44','English',55.378051,-3.435973),(187,'United States','US','1','None',37.09024,-95.712891),(188,'Uruguay','UY','598','Spanish',-32.522779,-55.765835),(189,'Uzbekistan','UZ','998','Uzbek',41.377491,64.585262),(190,'Vanuatu','VU','678','French',-15.376706,166.959158),(191,'Venezuela','VE','58','Spanish',6.42375,-66.58973),(192,'Vietnam','VN','84','Vietnamese',14.058324,108.277199),(193,'Yemen','YE','967','Arabic',15.552727,48.516388),(194,'Zambia','ZM','260','English',-13.133897,27.849332),(195,'Zimbabwe','ZW','263','Shona',-19.015438,29.154857);
/*!40000 ALTER TABLE `countries` ENABLE KEYS */;
UNLOCK TABLES;

--
-- Table structure for table `country_cities`
--

DROP TABLE IF EXISTS `country_cities`;
/*!40101 SET @saved_cs_client     = @@character_set_client */;
/*!50503 SET character_set_client = utf8mb4 */;
CREATE TABLE `country_cities` (
  `cID` int NOT NULL,
  `capital_maj_city` varchar(45) DEFAULT NULL,
  `largest_city` varchar(45) DEFAULT NULL,
  PRIMARY KEY (`cID`),
  KEY `cID_idx` (`cID`),
  CONSTRAINT `a_cID` FOREIGN KEY (`cID`) REFERENCES `countries` (`cID`)
) ENGINE=InnoDB DEFAULT CHARSET=utf8mb3;
/*!40101 SET character_set_client = @saved_cs_client */;

--
-- Dumping data for table `country_cities`
--

LOCK TABLES `country_cities` WRITE;
/*!40000 ALTER TABLE `country_cities` DISABLE KEYS */;
INSERT INTO `country_cities` VALUES (1,'Kabul','Kabul'),(2,'Tirana','Tirana'),(3,'Algiers','Algiers'),(4,'Andorra la Vella','Andorra la Vella'),(5,'Luanda','Luanda'),(6,'St. John\'s, Saint John','St. John\'s, Saint John'),(7,'Buenos Aires','Buenos Aires'),(8,'Yerevan','Yerevan'),(9,'Canberra','Sydney'),(10,'Vienna','Vienna'),(11,'Baku','Baku'),(12,'Nassau, Bahamas','Nassau, Bahamas'),(13,'Manama','Riffa'),(14,'Dhaka','Dhaka'),(15,'Bridgetown','Bridgetown'),(16,'Minsk','Minsk'),(17,'City of Brussels','Brussels'),(18,'Belmopan','Belize City'),(19,'Porto-Novo','Cotonou'),(20,'Thimphu','Thimphu'),(21,'Sucre','Santa Cruz de la Sierra'),(22,'Sarajevo','Tuzla Canton'),(23,'Gaborone','Gaborone'),(24,'Bras???','S????'),(25,'Bandar Seri Begawan','0'),(26,'Sofia','Sofia'),(27,'Ouagadougou','Ouagadougou'),(28,'Bujumbura','Bujumbura'),(29,'Yamoussoukro','Abidjan'),(30,'Praia','Praia'),(31,'Phnom Penh','Phnom Penh'),(32,'Yaound?','Douala'),(33,'Ottawa','Toronto'),(34,'Bangui','Bangui'),(35,'N\'Djamena','N\'Djamena'),(36,'Santiago','Santiago'),(37,'Beijing','Shanghai'),(38,'Bogot?','Bogot?'),(39,'Moroni, Comoros','Moroni, Comoros'),(40,'Brazzaville','Brazzaville'),(41,'San Jos??????','San Jos??????'),(42,'Zagreb','Zagreb'),(43,'Havana','Havana'),(44,'Nicosia','Statos???????'),(45,'Prague','Prague'),(46,'Kinshasa','Kinshasa'),(47,'Copenhagen','Copenhagen'),(48,'Djibouti City','Djibouti City'),(49,'Roseau','Roseau'),(50,'Santo Domingo','Santo Domingo'),(51,'Quito','Quito'),(52,'Cairo','Cairo'),(53,'San Salvador','San Salvador'),(54,'Malabo','Malabo'),(55,'Asmara','Asmara'),(56,'Tallinn','Tallinn'),(57,'Mbabane','Mbabane'),(58,'Addis Ababa','Addis Ababa'),(59,'Suva','Suva'),(60,'Helsinki','Helsinki'),(61,'Paris','Paris'),(62,'Libreville','Libreville'),(63,'Banjul','Serekunda'),(64,'Tbilisi','Tbilisi'),(65,'Berlin','Berlin'),(66,'Accra','Accra'),(67,'Athens','Macedonia'),(68,'St. George\'s, Grenada','St. George\'s, Grenada'),(69,'Guatemala City','Guatemala City'),(70,'Conakry','Kankan'),(71,'Bissau','Bissau'),(72,'Georgetown, Guyana','Georgetown, Guyana'),(73,'Port-au-Prince','Port-au-Prince'),(74,'Vatican City','0'),(75,'Tegucigalpa','Tegucigalpa'),(76,'Budapest','Budapest'),(77,'Reykjav??','Reykjav??'),(78,'New Delhi','Kurebhar'),(79,'Jakarta','Kalimantan'),(80,'Tehran','Tehran'),(81,'Baghdad','Baghdad'),(82,'Dublin','Connacht'),(83,'Jerusalem','Jerusalem'),(84,'Rome','Rome'),(85,'Kingston, Jamaica','Kingston, Jamaica'),(86,'Tokyo','Tokyo'),(87,'Amman','Amman'),(88,'Astana','Almaty'),(89,'Nairobi','Nairobi'),(90,'South Tarawa','South Tarawa'),(91,'Kuwait City','Kuwait City'),(92,'Bishkek','Bishkek'),(93,'Vientiane','Vientiane'),(94,'Riga','Riga'),(95,'Beirut','Tripoli, Lebanon'),(96,'Maseru','Maseru'),(97,'Monrovia','Monrovia'),(98,'0','0'),(99,'Vaduz','Schaan'),(100,'Vilnius','Vilnius'),(101,'Luxembourg City','Luxembourg City'),(102,'Antananarivo','Antananarivo'),(103,'Lilongwe','Lilongwe'),(104,'Kuala Lumpur','Johor Bahru'),(105,'Mal?','Mal?'),(106,'Bamako','Bamako'),(107,'Valletta','Birkirkara'),(108,'Majuro','Majuro'),(109,'Nouakchott','Nouakchott'),(110,'Port Louis','Port Louis'),(111,'Mexico City','Mexico City'),(112,'Palikir','Palikir'),(113,'Chi????','Chi????'),(114,'Monaco City','Monaco City'),(115,'Ulaanbaatar','Ulaanbaatar'),(116,'Podgorica','Podgorica'),(117,'Rabat','Casablanca'),(118,'Maputo','Maputo'),(119,'Naypyidaw','Yangon'),(120,'Windhoek','Windhoek'),(121,'Yaren District','0'),(122,'Kathmandu','Kathmandu'),(123,'Amsterdam','Amsterdam'),(124,'Wellington','Auckland'),(125,'Managua','Managua'),(126,'Niamey','Niamey'),(127,'Abuja','Lagos'),(128,'Pyongyang','Pyongyang'),(129,'Skopje','Skopje'),(130,'Oslo','Oslo'),(131,'Muscat','Seeb'),(132,'Islamabad','Karachi'),(133,'Ngerulmud','Koror'),(134,'0','0'),(135,'Panama City','Panama City'),(136,'Port Moresby','Port Moresby'),(137,'Asunci??','Ciudad del Este'),(138,'Lima','Lima'),(139,'Manila','Manila'),(140,'Warsaw','Warsaw'),(141,'Lisbon','Lisbon'),(142,'Doha','Doha'),(143,'Bucharest','Bucharest'),(144,'Moscow','Moscow'),(145,'Kigali','Kigali'),(146,'Basseterre','Basseterre'),(147,'Castries','Castries'),(148,'Kingstown','Calliaqua'),(149,'Apia','Apia'),(150,'City of San Marino','City of San Marino'),(151,'S????','S????'),(152,'Riyadh','Riyadh'),(153,'Dakar','Pikine'),(154,'Belgrade','Belgrade'),(155,'Victoria, Seychelles','Victoria, Seychelles'),(156,'Freetown','Freetown'),(157,'0','0'),(158,'Bratislava','Bratislava'),(159,'Ljubljana','Ljubljana'),(160,'Honiara','Honiara'),(161,'Mogadishu','Bosaso'),(162,'Pretoria','Johannesburg'),(163,'Seoul','Seoul'),(164,'Juba','Juba'),(165,'Madrid','Madrid'),(166,'Colombo','Colombo'),(167,'Khartoum','Omdurman'),(168,'Paramaribo','Paramaribo'),(169,'Stockholm','S?????'),(170,'Bern','Z???'),(171,'Damascus','Damascus'),(172,'Dushanbe','Dushanbe'),(173,'Dodoma','Dar es Salaam'),(174,'Bangkok','Bangkok'),(175,'Dili','Dili'),(176,'Lom?','Lom?'),(177,'Nuku????','Nuku????'),(178,'Port of Spain','Chaguanas'),(179,'Tunis','Tunis'),(180,'Ankara','Istanbul'),(181,'Ashgabat','Ashgabat'),(182,'Funafuti','Singapore'),(183,'Kampala','Buganda'),(184,'Kyiv','Kyiv'),(185,'Abu Dhabi','Dubai'),(186,'London','London'),(187,'Washington, D.C.','New York City'),(188,'Montevideo','Montevideo'),(189,'Tashkent','Tashkent'),(190,'Port Vila','Port Vila'),(191,'Caracas','Caracas'),(192,'Hanoi','Ho Chi Minh City'),(193,'Sanaa','Sanaa'),(194,'Lusaka','Lusaka'),(195,'Harare','Harare');
/*!40000 ALTER TABLE `country_cities` ENABLE KEYS */;
UNLOCK TABLES;

--
-- Table structure for table `country_currency`
--

DROP TABLE IF EXISTS `country_currency`;
/*!40101 SET @saved_cs_client     = @@character_set_client */;
/*!50503 SET character_set_client = utf8mb4 */;
CREATE TABLE `country_currency` (
  `cID` int NOT NULL,
  `curr_code` varchar(45) DEFAULT NULL,
  PRIMARY KEY (`cID`),
  CONSTRAINT `c_cID` FOREIGN KEY (`cID`) REFERENCES `countries` (`cID`)
) ENGINE=InnoDB DEFAULT CHARSET=utf8mb3;
/*!40101 SET character_set_client = @saved_cs_client */;

--
-- Dumping data for table `country_currency`
--

LOCK TABLES `country_currency` WRITE;
/*!40000 ALTER TABLE `country_currency` DISABLE KEYS */;
INSERT INTO `country_currency` VALUES (1,'AFN'),(2,'ALL'),(3,'DZD'),(4,'EUR'),(5,'AOA'),(6,'XCD'),(7,'ARS'),(8,'AMD'),(9,'AUD'),(10,'EUR'),(11,'AZN'),(12,'0'),(13,'BHD'),(14,'BDT'),(15,'BBD'),(16,'BYN'),(17,'EUR'),(18,'BZD'),(19,'XOF'),(20,'0'),(21,'BOB'),(22,'BAM'),(23,'BWP'),(24,'BRL'),(25,'BND'),(26,'BGN'),(27,'XOF'),(28,'BIF'),(29,'XOF'),(30,'CVE'),(31,'0'),(32,'XAF'),(33,'CAD'),(34,'0'),(35,'XAF'),(36,'CLP'),(37,'CNY'),(38,'COP'),(39,'KMF'),(40,'XAF'),(41,'CRC'),(42,'HRK'),(43,'CUP'),(44,'EUR'),(45,'CZK'),(46,'CDF'),(47,'DKK'),(48,'DJF'),(49,'XCD'),(50,'DOP'),(51,'USD'),(52,'EGP'),(53,'0'),(54,'XAF'),(55,'ERN'),(56,'EUR'),(57,'0'),(58,'ETB'),(59,'FJD'),(60,'EUR'),(61,'EUR'),(62,'XAF'),(63,'GMD'),(64,'GEL'),(65,'EUR'),(66,'GHS'),(67,'EUR'),(68,'XCD'),(69,'GTQ'),(70,'GNF'),(71,'XOF'),(72,'GYD'),(73,'HTG'),(74,'EUR'),(75,'HNL'),(76,'HUF'),(77,'ISK'),(78,'INR'),(79,'IDR'),(80,'IRR'),(81,'IQD'),(82,'EUR'),(83,'ILS'),(84,'EUR'),(85,'JMD'),(86,'0'),(87,'JOD'),(88,'KZT'),(89,'KES'),(90,'AUD'),(91,'KWD'),(92,'KGS'),(93,'LAK'),(94,'EUR'),(95,'LBP'),(96,'0'),(97,'0'),(98,'LYD'),(99,'CHF'),(100,'EUR'),(101,'EUR'),(102,'MGA'),(103,'MWK'),(104,'MYR'),(105,'0'),(106,'XOF'),(107,'EUR'),(108,'USD'),(109,'MRU'),(110,'MUR'),(111,'MXN'),(112,'USD'),(113,'MDL'),(114,'EUR'),(115,'MNT'),(116,'EUR'),(117,'MAD'),(118,'MZN'),(119,'MMK'),(120,'0'),(121,'AUD'),(122,'NPR'),(123,'0'),(124,'NZD'),(125,'NIO'),(126,'XOF'),(127,'NGN'),(128,'KPW'),(129,'MKD'),(130,'NOK'),(131,'OMR'),(132,'PKR'),(133,'USD'),(134,'0'),(135,'0'),(136,'PGK'),(137,'PYG'),(138,'PEN'),(139,'PHP'),(140,'PLN'),(141,'EUR'),(142,'QAR'),(143,'RON'),(144,'RUB'),(145,'RWF'),(146,'XCD'),(147,'XCD'),(148,'XCD'),(149,'WST'),(150,'EUR'),(151,'STN'),(152,'SAR'),(153,'XOF'),(154,'RSD'),(155,'SCR'),(156,'SLL'),(157,'SGD'),(158,'EUR'),(159,'EUR'),(160,'SBD'),(161,'SOS'),(162,'ZAR'),(163,'KRW'),(164,'SSP'),(165,'EUR'),(166,'LKR'),(167,'SDG'),(168,'SRD'),(169,'SEK'),(170,'CHF'),(171,'SYP'),(172,'TJS'),(173,'TZS'),(174,'THB'),(175,'USD'),(176,'XOF'),(177,'TOP'),(178,'TTD'),(179,'TND'),(180,'TRY'),(181,'TMT'),(182,'AUD'),(183,'UGX'),(184,'UAH'),(185,'AED'),(186,'GBP'),(187,'USD'),(188,'UYU'),(189,'UZS'),(190,'VUV'),(191,'VED'),(192,'VND'),(193,'YER'),(194,'ZMW'),(195,'0');
/*!40000 ALTER TABLE `country_currency` ENABLE KEYS */;
UNLOCK TABLES;

--
-- Table structure for table `economics`
--

DROP TABLE IF EXISTS `economics`;
/*!40101 SET @saved_cs_client     = @@character_set_client */;
/*!50503 SET character_set_client = utf8mb4 */;
CREATE TABLE `economics` (
  `cID` int NOT NULL,
  `gdp` double DEFAULT NULL,
  `min_wage` double DEFAULT NULL,
  `gas_price` double DEFAULT NULL,
  `cpi` double DEFAULT NULL,
  `cpi_change_percent` double DEFAULT NULL,
  `tax_rev_percent` double DEFAULT NULL,
  `tax_rate` double DEFAULT NULL,
  PRIMARY KEY (`cID`),
  KEY `cID_idx` (`cID`),
  CONSTRAINT `b_cID` FOREIGN KEY (`cID`) REFERENCES `countries` (`cID`)
) ENGINE=InnoDB DEFAULT CHARSET=utf8mb3;
/*!40101 SET character_set_client = @saved_cs_client */;

--
-- Dumping data for table `economics`
--

LOCK TABLES `economics` WRITE;
/*!40000 ALTER TABLE `economics` DISABLE KEYS */;
INSERT INTO `economics` VALUES (1,19101353833,0.43,0.7,149.9,0.023,0.093,0.714),(2,15278077447,1.12,1.36,119.05,0.014,0.186,0.366),(3,169988236398,0.95,0.28,151.36,0.02,0.372,0.661),(4,3154057987,6.63,1.51,0,0,0,0),(5,94635415870,0.71,0.97,261.73,0.171,0.092,0.491),(6,1727759259,3.04,0.99,113.81,0.012,0.165,0.43),(7,449663446954,3.35,1.1,232.75,0.535,0.101,1.063),(8,13672802158,0.66,0.77,129.18,0.014,0.209,0.226),(9,1392680589329,13.59,0.93,119.8,0.016,0.23,0.474),(10,446314739528,0,1.2,118.06,0.015,0.254,0.514),(11,39207000000,0.47,0.56,156.32,0.026,0.13,0.407),(12,12827000000,5.25,0.92,116.22,0.025,0.148,0.338),(13,38574069149,0,0.43,117.59,0.021,0.042,0.138),(14,302571254131,0.51,1.12,179.68,0.056,0.088,0.334),(15,5209000000,3.13,1.81,134.09,0.041,0.275,0.356),(16,63080457023,1.49,0.6,0,0.056,0.147,0.533),(17,529606710418,10.31,1.43,117.11,0.014,0.24,0.554),(18,1879613600,1.65,1.13,105.68,-0.009,0.263,0.311),(19,14390709095,0.39,0.72,110.71,-0.009,0.108,0.489),(20,2446674101,0.32,0.98,167.18,0.027,0.16,0.353),(21,40895322865,1.36,0.71,148.32,0.018,0.17,0.837),(22,20047848435,1.04,1.05,104.9,0.006,0.204,0.237),(23,18340510789,0.29,0.71,149.75,0.028,0.195,0.251),(24,1839758040766,1.53,1.02,167.4,0.037,0.142,0.651),(25,13469422941,0,0.37,99.03,-0.004,0,0.08),(26,86000000000,1.57,1.11,114.42,0.031,0.202,0.283),(27,15745810235,0.34,0.98,106.58,-0.032,0.15,0.413),(28,3012334882,0,1.21,182.11,-0.007,0.136,0.412),(29,58792205642,0.36,0.93,111.61,-0.009,0.118,0.501),(30,1981845741,0.68,1.02,110.5,0.011,0.201,0.375),(31,27089389787,0,0.9,127.63,0.025,0.171,0.231),(32,38760467033,0.35,1.03,118.65,0.025,0.128,0.577),(33,1736430000000,9.51,0.81,116.76,0.019,0.128,0.245),(34,2220307369,0.37,1.41,186.86,0.371,0.086,0.733),(35,11314951343,0.6,0.78,117.7,-0.01,0,0.635),(36,282318159745,2,1.03,131.91,0.026,0.182,0.34),(37,19910000000000,0.87,0.96,125.08,0.029,0.094,0.592),(38,323802808108,1.23,0.68,140.95,0.035,0.144,0.712),(39,1185728677,0.71,0,103.62,-0.043,0,2.196),(40,10820591131,0.88,0.97,124.74,0.022,0.09,0.543),(41,61773944174,1.84,0.98,128.85,0.021,0.136,0.583),(42,60415553039,2.92,1.26,109.82,0.008,0.22,0.205),(43,100023000000,0.05,1.4,0,0,0,0),(44,24564647935,0,1.23,102.51,0.003,0.245,0.224),(45,246489245495,3,1.17,116.48,0.028,0.149,0.461),(46,47319624204,0.18,1.49,133.85,0.029,0.107,0.507),(47,348078018464,0,1.55,110.35,0.008,0.324,0.238),(48,3318716359,0,1.32,120.25,0.033,0,0.379),(49,596033333,1.48,0,103.87,0.01,0.221,0.326),(50,88941298258,0.4,1.07,135.5,0.018,0.13,0.488),(51,107435665000,2.46,0.61,124.14,0.003,0,0.344),(52,303175127598,0,0.4,288.57,0.092,0.125,0.444),(53,27022640000,0.5,0.83,111.23,0.001,0.181,0.364),(54,11026774945,1.05,0,124.35,0.012,0.061,0.794),(55,2065001626,0,2,0,0,0,0.837),(56,31386949981,3.14,1.14,122.14,0.023,0.209,0.478),(57,3791304348,0,0,0,0,0.286,0),(58,96107662398,0,0.75,143.86,0.158,0.075,0.377),(59,5535548972,1.28,0.82,132.3,0.018,0.242,0.321),(60,268761201365,0,1.45,112.33,0.01,0.208,0.366),(61,2715518274227,11.16,1.39,110.05,0.011,0.242,0.607),(62,16657960228,1.46,0.92,122.19,0.021,0.102,0.471),(63,1763819048,0.13,1.18,172.73,0.071,0.094,0.484),(64,17743195770,0.05,0.76,133.61,0.049,0.217,0.099),(65,3845630030824,9.99,1.39,112.85,0.014,0.115,0.488),(66,66983634224,0.27,0.92,268.36,0.072,0.126,0.554),(67,209852761469,4.46,1.54,101.87,0.002,0.262,0.519),(68,1228170370,0,1.12,107.43,0.008,0.194,0.478),(69,76710385880,1.6,0.79,142.92,0.037,0.106,0.352),(70,13590281809,0,0.9,262.95,0.095,0.108,0.693),(71,1340389411,0.16,0,111.65,0.014,0.103,0.455),(72,4280443645,0.98,0.9,116.19,0.021,0,0.306),(73,8498981821,0.25,0.81,179.29,0.125,0,0.427),(74,0,0,0,0,0,0,0),(75,25095395475,1.01,0.98,150.34,0.044,0.173,0.391),(76,160967157504,2.62,1.18,121.64,0.033,0.23,0.379),(77,24188035739,0,1.69,129,0.03,0.233,0.319),(78,2611000000000,0.3,0.97,180.44,0.077,0.112,0.497),(79,1119190780753,0.48,0.63,151.18,0.03,0.102,0.301),(80,445345282123,1.58,0.4,550.93,0.399,0.074,0.447),(81,234094042939,1.24,0.61,119.86,0.004,0.02,0.308),(82,388698711348,10.79,1.37,106.58,0.009,0.183,0.261),(83,395098666122,7.58,1.57,108.15,0.008,0.231,0.253),(84,2001244392042,0,1.61,110.62,0.006,0.243,0.591),(85,16458071068,1.33,1.11,162.47,0.039,0.268,0.351),(86,5081769542380,6.77,1.06,105.48,0.005,0.119,0.467),(87,43743661972,1.49,1.1,125.6,0.008,0.151,0.286),(88,180161741180,0.41,0.42,182.75,0.052,0.117,0.284),(89,95503088538,0.25,0.95,180.51,0.047,0.151,0.372),(90,194647202,0,0,99.55,0.006,0.22,0.327),(91,134761198946,0.95,0.35,126.6,0.011,0.014,0.13),(92,8454619608,0.09,0.56,155.68,0.011,0.18,0.29),(93,18173839128,0.83,0.93,135.87,0.033,0.129,0.241),(94,34117202555,2.8,1.16,116.86,0.028,0.229,0.381),(95,53367042272,2.15,0.74,130.02,0.03,0.153,0.322),(96,2460072444,0.41,0.7,155.86,0.052,0.316,0.136),(97,3070518100,0.17,0.8,223.13,0.236,0.129,0.462),(98,52076250948,1.88,0.11,125.71,0.026,0,0.326),(99,6552858739,0,1.74,0,0,0,0.216),(100,54219315600,2.41,1.16,118.38,0.023,0.169,0.426),(101,71104919108,13.05,1.19,115.09,0.017,0.265,0.204),(102,14083906357,0.21,1.11,184.33,0.056,0.102,0.383),(103,7666704427,0.12,1.15,418.34,0.094,0.173,0.345),(104,364701517788,0.93,0.45,121.46,0.007,0.12,0.387),(105,5729248472,0,1.63,99.7,0.002,0.195,0.302),(106,17510141171,0.23,1.12,108.73,-0.017,0.116,0.545),(107,14786156563,5.07,1.36,113.45,0.016,0.262,0.44),(108,221278000,2,1.44,0,0,0.178,0.659),(109,7593752450,0.53,1.13,135.02,0.023,0,0.67),(110,14180444557,0.38,1.12,129.91,0.004,0.191,0.222),(111,1258286717125,0.49,0.73,141.54,0.036,0.131,0.551),(112,401932279,0,0,112.1,0.005,0.252,0.605),(113,11955435457,0.31,0.8,166.2,0.048,0.177,0.387),(114,7184844193,11.72,2,0,0,0,0),(115,13852850259,0.65,0.72,195.76,0.073,0.168,0.257),(116,5494736901,1.23,1.16,116.32,0.026,0,0.222),(117,118725279596,1.6,0.99,111.07,0.002,0.219,0.458),(118,14934159926,0.27,0.65,182.31,0.028,0,0.361),(119,76085852617,0.39,0.54,168.18,0.088,0.054,0.312),(120,12366527719,0,0.76,157.97,0.037,0.271,0.207),(121,133000000,0,0,0,0,0,0),(122,30641380604,0.36,0.91,188.73,0.056,0.207,0.418),(123,909070395161,10.29,1.68,115.91,0.026,0.23,0.412),(124,206928765544,11.49,1.4,114.24,0.016,0.29,0.346),(125,12520915291,0.54,0.91,162.74,0.054,0.156,0.606),(126,12928145120,0.29,0.88,109.32,-0.025,0.118,0.472),(127,448120428859,0.54,0.46,267.51,0.114,0.015,0.348),(128,32100000000,0,0.58,0,0,0,0),(129,10220781069,0,0,0,0,0,0),(130,403336363636,0,1.78,120.27,0.022,0.239,0.362),(131,76983094928,4.33,0.45,113.53,0.001,0.025,0.274),(132,304400000000,0.69,0.79,182.32,0.106,0.092,0.339),(133,283994900,3,0,118.17,0.013,0.213,0.766),(134,0,0,0,0,0,0,0),(135,66800800000,1.53,0.74,122.07,-0.004,0,0.372),(136,24969611435,1.16,1.36,155.99,0.036,0.136,0.371),(137,38145288940,1.55,1.04,143.82,0.028,0.1,0.35),(138,226848050820,1.28,0.99,129.78,0.021,0.143,0.368),(139,376795508680,1.12,0.86,129.61,0.025,0.14,0.431),(140,592164400688,2.93,1.07,114.11,0.022,0.174,0.408),(141,237686075635,3.78,1.54,110.62,0.003,0.228,0.398),(142,183466208791,0,0.4,115.38,-0.007,0.147,0.113),(143,250077444017,2.25,1.16,123.78,0.038,0.146,0.2),(144,1699876578871,0.53,0.59,180.75,0.045,0.114,0.462),(145,10122472590,0,1.17,151.09,0.034,0.143,0.332),(146,1050992593,3.33,0,104.57,-0.01,0.185,0.497),(147,2122450630,0,1.3,110.13,0.019,0.182,0.347),(148,825385185,1.16,0,109.67,0.023,0.254,0.37),(149,850655017,0.78,0.91,117.56,0.01,0.255,0.193),(150,1637931034,0,0,110.63,0.01,0.181,0.362),(151,429016605,0,0,185.09,0.079,0.146,0.37),(152,792966838162,3.85,0.24,118.4,-0.012,0.089,0.157),(153,23578084052,0.31,1.14,109.25,0.018,0.163,0.448),(154,51409167351,1.57,1.16,144,0.018,0.186,0.366),(155,1698843063,2,0,129.96,0.018,0.341,0.301),(156,3941474311,0.57,1.08,234.16,0.148,0.086,0.307),(157,372062527489,0,1.25,114.41,0.006,0.131,0.21),(158,105422304976,3.11,1.32,115.34,0.027,0.187,0.497),(159,53742159517,5.25,1.32,111.05,0.016,0.186,0.31),(160,1425074226,0.4,0,133.06,0.016,0.295,0.32),(161,4720727278,0,1.41,0,0,0,0),(162,351431649241,0,0.92,158.93,0.041,0.275,0.292),(163,2029000000000,6.49,1.22,115.16,0.004,0.156,0.332),(164,11997800751,0,0.28,4583.71,1.879,0,0.314),(165,1394116310769,5.6,1.26,110.96,0.007,0.142,0.47),(166,84008783756,0.35,0.88,155.53,0.035,0.119,0.552),(167,18902284476,0.41,0.95,1344.19,0.51,0.08,0.454),(168,3985250737,0,1.29,294.66,0.22,0.195,0.279),(169,530832908738,0,1.42,110.51,0.018,0.279,0.491),(170,703082435360,0,1.45,99.55,0.004,0.101,0.288),(171,40405006007,1.02,0.83,143.2,0.367,0.142,0.427),(172,8116626794,0.23,0.71,148.57,0.06,0.098,0.673),(173,63177068175,0.09,0.87,187.43,0.035,0.115,0.438),(174,543649976166,1.06,0.71,113.27,0.007,0.149,0.295),(175,1673540300,0.6,1.1,145.38,0.026,0.25,0.173),(176,5459979417,0.34,0.71,113.3,0.007,0.169,0.482),(177,450353314,0,0,121.09,0.074,0.223,0.275),(178,24100202834,2.25,0.54,141.75,0.01,0.195,0.405),(179,38797709924,0.47,0.73,155.33,0.067,0.211,0.607),(180,754411708203,3.45,1.42,234.44,0.152,0.179,0.423),(181,40761142857,0.88,0.29,0,0,0,0),(182,47271463,0,0,0,0,0,0),(183,34387229486,0.01,0.94,173.87,0.029,0.117,0.337),(184,153781069118,0.84,0.83,281.66,0.079,0.201,0.452),(185,421142267938,0,0.49,114.52,-0.019,0.001,0.159),(186,2827113184696,10.13,1.46,119.62,0.017,0.255,0.306),(187,21427700000000,7.25,0.71,117.24,0.075,0.096,0.366),(188,56045912952,1.66,1.5,202.92,0.079,0.201,0.418),(189,57921286440,0.24,1.03,0,0,0.148,0.316),(190,917058851,1.56,1.31,117.13,0.028,0.178,0.085),(191,482359318768,0.01,0,2740.27,2.549,0,0.733),(192,261921244843,0.73,0.8,163.52,0.028,0.191,0.376),(193,26914402224,0,0.92,157.58,0.081,0,0.266),(194,23064722446,0.24,1.4,212.31,0.092,0.162,0.156),(195,21440758800,0,1.34,105.51,0.009,0.207,0.316);
/*!40000 ALTER TABLE `economics` ENABLE KEYS */;
UNLOCK TABLES;

--
-- Table structure for table `education`
--

DROP TABLE IF EXISTS `education`;
/*!40101 SET @saved_cs_client     = @@character_set_client */;
/*!50503 SET character_set_client = utf8mb4 */;
CREATE TABLE `education` (
  `cID` int NOT NULL,
  `prim_enroll` double DEFAULT NULL,
  `tert_enroll` double DEFAULT NULL,
  PRIMARY KEY (`cID`),
  CONSTRAINT `g_cID` FOREIGN KEY (`cID`) REFERENCES `countries` (`cID`)
) ENGINE=InnoDB DEFAULT CHARSET=utf8mb3;
/*!40101 SET character_set_client = @saved_cs_client */;

--
-- Dumping data for table `education`
--

LOCK TABLES `education` WRITE;
/*!40000 ALTER TABLE `education` DISABLE KEYS */;
INSERT INTO `education` VALUES (1,1.04,0.097),(2,1.07,0.55),(3,1.099,0.514),(4,1.064,0),(5,1.135,0.093),(6,1.05,0.248),(7,1.097,0.9),(8,0.927,0.546),(9,1.003,1.131),(10,1.031,0.851),(11,0.997,0.277),(12,0.814,0.151),(13,0.994,0.505),(14,1.165,0.206),(15,0.994,0.654),(16,1.005,0.874),(17,1.039,0.797),(18,1.117,0.247),(19,1.22,0.123),(20,1.001,0.156),(21,0.982,0),(22,0,0.233),(23,1.032,0.249),(24,1.154,0.513),(25,1.032,0.314),(26,0.893,0.71),(27,0.961,0.065),(28,1.214,0.061),(29,0.998,0.093),(30,1.04,0.236),(31,1.074,0.137),(32,1.034,0.128),(33,1.009,0.689),(34,1.02,0.03),(35,0.868,0.033),(36,1.014,0.885),(37,1.002,0.506),(38,1.145,0.553),(39,0.995,0.09),(40,1.066,0.127),(41,1.133,0.552),(42,0.965,0.679),(43,1.019,0.414),(44,0.993,0.759),(45,1.007,0.641),(46,1.08,0.066),(47,1.013,0.806),(48,0.753,0.053),(49,1.147,0.072),(50,1.057,0.599),(51,1.033,0.449),(52,1.063,0.352),(53,0.948,0.294),(54,0.618,0.019),(55,0.684,0.034),(56,0.972,0.696),(57,0,0),(58,1.01,0.081),(59,1.064,0.161),(60,1.002,0.882),(61,1.025,0.656),(62,1.399,0.083),(63,0.98,0.027),(64,0.986,0.639),(65,1.04,0.702),(66,1.048,0.157),(67,0.996,1.366),(68,1.069,1.046),(69,1.019,0.218),(70,0.915,0.116),(71,1.187,0.026),(72,0.978,0.116),(73,1.136,0.011),(74,0,0),(75,0.915,0.262),(76,1.008,0.485),(77,1.004,0.718),(78,1.13,0.281),(79,1.064,0.363),(80,1.107,0.681),(81,1.087,0.162),(82,1.009,0.778),(83,1.049,0.634),(84,1.019,0.619),(85,0.91,0.271),(86,0.988,0.632),(87,0.815,0.344),(88,1.044,0.617),(89,1.032,0.115),(90,1.013,0),(91,0.924,0.544),(92,1.076,0.413),(93,1.024,0.15),(94,0.994,0.881),(95,0.951,0.263),(96,1.209,0.102),(97,0.851,0.119),(98,1.09,0.605),(99,1.047,0.356),(100,1.039,0.724),(101,1.023,0.192),(102,1.425,0.054),(103,1.425,0.008),(104,1.053,0.451),(105,0.971,0.312),(106,0.756,0.045),(107,1.05,0.543),(108,0.847,0.237),(109,0.999,0.05),(110,1.011,0.406),(111,1.058,0.402),(112,0.972,0.141),(113,0.906,0.398),(114,0,0),(115,1.04,0.656),(116,1,0.561),(117,1.139,0.359),(118,1.126,0.073),(119,1.123,0.188),(120,1.242,0.229),(121,0,0),(122,1.421,0.124),(123,1.042,0.85),(124,1,0.82),(125,1.206,0.174),(126,0.747,0.044),(127,0.847,0.102),(128,1.128,0.27),(129,0,0),(130,1.003,0.82),(131,1.034,0.38),(132,0.943,0.09),(133,1.126,0.547),(134,0,0),(135,0.944,0.478),(136,1.085,0.018),(137,1.044,0.346),(138,1.069,0.707),(139,1.075,0.355),(140,1,0.678),(141,1.062,0.639),(142,1.038,0.179),(143,0.852,0.494),(144,1.026,0.819),(145,1.33,0.067),(146,1.087,0.867),(147,1.026,0.141),(148,1.134,0.237),(149,1.105,0.076),(150,1.081,0.425),(151,1.068,0.134),(152,0.998,0.68),(153,0.81,0.128),(154,1.003,0.672),(155,1.004,0.171),(156,1.128,0.02),(157,1.006,0.848),(158,0.987,0.466),(159,1.004,0.786),(160,1.062,0),(161,0.234,0.025),(162,1.009,0.224),(163,0.981,0.943),(164,0.73,0),(165,1.027,0.889),(166,1.002,0.196),(167,0.768,0.169),(168,1.088,0.126),(169,1.266,0.67),(170,1.052,0.596),(171,0.817,0.401),(172,1.009,0.313),(173,0.942,0.04),(174,0.998,0.493),(175,1.153,0.178),(176,1.238,0.145),(177,1.163,0.064),(178,1.062,0.12),(179,1.154,0.317),(180,0.932,0.239),(181,0.884,0.08),(182,0.86,0),(183,1.027,0.048),(184,0.99,0.827),(185,1.084,0.368),(186,1.012,0.6),(187,1.018,0.882),(188,1.085,0.631),(189,1.042,0.101),(190,1.093,0.047),(191,0.972,0.793),(192,1.106,0.285),(193,0.936,0.102),(194,0.987,0.041),(195,1.099,0.1);
/*!40000 ALTER TABLE `education` ENABLE KEYS */;
UNLOCK TABLES;

--
-- Table structure for table `environment`
--

DROP TABLE IF EXISTS `environment`;
/*!40101 SET @saved_cs_client     = @@character_set_client */;
/*!50503 SET character_set_client = utf8mb4 */;
CREATE TABLE `environment` (
  `cID` int NOT NULL,
  `agri_land_percent` double DEFAULT NULL,
  `land_area` double DEFAULT NULL,
  `forest_area_percent` double DEFAULT NULL,
  `co2_em` double DEFAULT NULL,
  PRIMARY KEY (`cID`),
  CONSTRAINT `e_cID` FOREIGN KEY (`cID`) REFERENCES `countries` (`cID`)
) ENGINE=InnoDB DEFAULT CHARSET=utf8mb3;
/*!40101 SET character_set_client = @saved_cs_client */;

--
-- Dumping data for table `environment`
--

LOCK TABLES `environment` WRITE;
/*!40000 ALTER TABLE `environment` DISABLE KEYS */;
INSERT INTO `environment` VALUES (1,0.581,652230,0.021,8672),(2,0.431,28748,0.281,4536),(3,0.174,2381741,0.008,150006),(4,0.4,468,0.34,469),(5,0.475,1246700,0.463,34693),(6,0.205,443,0.223,557),(7,0.543,2780400,0.098,201348),(8,0.589,29743,0.117,5156),(9,0.482,7741220,0.163,375908),(10,0.324,83871,0.469,61448),(11,0.577,86600,0.141,37620),(12,0.014,13880,0.514,1786),(13,0.111,765,0.008,31694),(14,0.706,148460,0.11,84246),(15,0.233,430,0.147,1276),(16,0.42,207600,0.426,58280),(17,0.446,30528,0.226,96889),(18,0.07,22966,0.597,568),(19,0.333,112622,0.378,6476),(20,0.136,38394,0.725,1261),(21,0.348,1098581,0.503,21606),(22,0.431,51197,0.427,21848),(23,0.456,581730,0.189,6340),(24,0.339,8515770,0.589,462299),(25,0.027,5765,0.721,7664),(26,0.463,110879,0.354,41708),(27,0.442,274200,0.193,3418),(28,0.792,27830,0.109,495),(29,0.648,322463,0.327,9674),(30,0.196,4033,0.225,543),(31,0.309,181035,0.529,9919),(32,0.206,475440,0.393,8291),(33,0.069,9984670,0.382,544894),(34,0.082,622984,0.356,297),(35,0.397,1284000,0.038,1016),(36,0.212,756096,0.243,85822),(37,0.562,9596960,0.224,9893038),(38,0.403,1138910,0.527,97814),(39,0.715,2235,0.197,202),(40,0.311,342000,0.654,3282),(41,0.345,51100,0.546,8023),(42,0.276,56594,0.344,17488),(43,0.599,110860,0.313,28284),(44,0.122,9251,0.187,6626),(45,0.452,78867,0.346,102218),(46,0.116,2344858,0.672,2021),(47,0.62,43094,0.147,31786),(48,0.734,23200,0.002,620),(49,0.333,751,0.574,180),(50,0.487,48670,0.417,25258),(51,0.222,283561,0.502,41155),(52,0.038,1001450,0.001,238560),(53,0.764,21041,0.126,7169),(54,0.101,28051,0.555,5655),(55,0.752,117600,0.149,711),(56,0.231,45228,0.513,16590),(57,0,17364,0,0),(58,0.363,1104300,0.125,14870),(59,0.233,18274,0.559,2046),(60,0.075,338145,0.731,45871),(61,0.524,643801,0.312,303276),(62,0.2,267667,0.9,5321),(63,0.598,11300,0.484,532),(64,0.345,69700,0.406,10128),(65,0.477,357022,0.327,727973),(66,0.69,238533,0.412,16670),(67,0.476,131957,0.317,62434),(68,0.235,349,0.5,268),(69,0.36,108889,0.327,16777),(70,0.59,245857,0.258,2996),(71,0.58,36125,0.698,293),(72,0.086,214969,0.839,2384),(73,0.668,27750,0.035,2978),(74,0,0,0,0),(75,0.289,112090,0.4,9813),(76,0.584,93028,0.229,45537),(77,0.187,103000,0.005,2065),(78,0.604,3287263,0.238,2407672),(79,0.315,1904569,0.499,563325),(80,0.282,1648195,0.066,661710),(81,0.214,438317,0.019,190061),(82,0.645,70273,0.11,37711),(83,0.246,20770,0.077,65166),(84,0.432,301340,0.318,320411),(85,0.41,10991,0.309,8225),(86,0.123,377944,0.685,1135886),(87,0.12,89342,0.011,25108),(88,0.804,2724900,0.012,247207),(89,0.485,580367,0.078,17910),(90,0.42,811,0.15,66),(91,0.084,17818,0.004,98734),(92,0.55,199951,0.033,9787),(93,0.103,236800,0.821,17763),(94,0.311,64589,0.54,7004),(95,0.643,10400,0.134,24796),(96,0.776,30355,0.016,2512),(97,0.28,111369,0.431,1386),(98,0.087,1759540,0.001,50564),(99,0.322,160,0.431,51),(100,0.472,65300,0.348,12963),(101,0.537,2586,0.357,8988),(102,0.712,587041,0.214,3905),(103,0.614,118484,0.332,1298),(104,0.263,329847,0.676,248289),(105,0.263,298,0.033,1445),(106,0.338,1240192,0.038,3179),(107,0.324,316,0.011,1342),(108,0.639,181,0.702,143),(109,0.385,1030700,0.002,2739),(110,0.424,2040,0.19,4349),(111,0.546,1964375,0.339,486406),(112,0.314,702,0.919,143),(113,0.742,33851,0.126,5115),(114,0,2,0,0),(115,0.715,1564116,0.08,25368),(116,0.19,13812,0.615,2017),(117,0.685,446550,0.126,61276),(118,0.635,799380,0.48,7943),(119,0.195,676578,0.436,25280),(120,0.471,824292,0.083,4228),(121,0,21,0,0),(122,0.287,147181,0.254,9105),(123,0.533,41543,0.112,170780),(124,0.405,268838,0.386,34382),(125,0.421,130370,0.259,5592),(126,0.361,1267000,0.009,2017),(127,0.777,923768,0.072,120369),(128,0.218,120538,0.407,28284),(129,0,25713,0,0),(130,0.027,323802,0.332,41023),(131,0.046,309500,0,63457),(132,0.478,796095,0.019,201150),(133,0.109,459,0.876,224),(134,0,0,0,0),(135,0.304,75420,0.619,10715),(136,0.026,462840,0.741,7536),(137,0.551,406752,0.377,7407),(138,0.185,1285216,0.577,57414),(139,0.417,300000,0.278,122287),(140,0.469,312685,0.309,299037),(141,0.395,92212,0.346,48742),(142,0.058,11586,0,103259),(143,0.588,238391,0.301,69259),(144,0.133,17098240,0.498,1732027),(145,0.734,26338,0.197,1115),(146,0.231,261,0.423,238),(147,0.174,616,0.332,414),(148,0.256,389,0.692,220),(149,0.124,2831,0.604,246),(150,0.167,61,0,0),(151,0.507,964,0.558,121),(152,0.808,2149690,0.005,563449),(153,0.461,196722,0.428,10902),(154,0.393,77474,0.311,45221),(155,0.034,455,0.884,605),(156,0.547,71740,0.431,1093),(157,0.009,716,0.231,37535),(158,0.392,49035,0.404,32424),(159,0.307,20273,0.62,12633),(160,0.039,28896,0.779,169),(161,0.703,637657,0.1,645),(162,0.798,1219090,0.076,476644),(163,0.174,99720,0.634,620302),(164,0,644329,0,1727),(165,0.526,505370,0.369,244002),(166,0.437,65610,0.329,23362),(167,0.287,1861484,0.081,20000),(168,0.006,163820,0.983,1738),(169,0.074,450295,0.689,43252),(170,0.384,41277,0.318,34477),(171,0.758,185180,0.027,28830),(172,0.341,144100,0.03,5310),(173,0.448,947300,0.516,11973),(174,0.433,513120,0.322,283763),(175,0.256,14874,0.454,495),(176,0.702,56785,0.031,3000),(177,0.458,747,0.125,128),(178,0.105,5128,0.46,43868),(179,0.648,163610,0.068,29937),(180,0.498,783562,0.154,372725),(181,0.72,488100,0.088,70630),(182,0.6,26,0.333,11),(183,0.719,241038,0.097,5680),(184,0.717,603550,0.167,202250),(185,0.055,83600,0.046,206324),(186,0.717,243610,0.131,379025),(187,0.444,9833517,0.339,5006302),(188,0.826,176215,0.107,6766),(189,0.629,447400,0.075,91811),(190,0.153,12189,0.361,147),(191,0.245,912050,0.527,164175),(192,0.393,331210,0.481,192668),(193,0.446,527968,0.01,10609),(194,0.321,752618,0.652,5141),(195,0.419,390757,0.355,10983);
/*!40000 ALTER TABLE `environment` ENABLE KEYS */;
UNLOCK TABLES;

--
-- Table structure for table `health`
--

DROP TABLE IF EXISTS `health`;
/*!40101 SET @saved_cs_client     = @@character_set_client */;
/*!50503 SET character_set_client = utf8mb4 */;
CREATE TABLE `health` (
  `cID` int NOT NULL,
  `phys_p_thousand` double DEFAULT NULL,
  `inf_mortality` double DEFAULT NULL,
  `mat_mortality_rat` double DEFAULT NULL,
  `out_health_exp` double DEFAULT NULL,
  PRIMARY KEY (`cID`),
  CONSTRAINT `f_cID` FOREIGN KEY (`cID`) REFERENCES `countries` (`cID`)
) ENGINE=InnoDB DEFAULT CHARSET=utf8mb3;
/*!40101 SET character_set_client = @saved_cs_client */;

--
-- Dumping data for table `health`
--

LOCK TABLES `health` WRITE;
/*!40000 ALTER TABLE `health` DISABLE KEYS */;
INSERT INTO `health` VALUES (1,0.28,47.9,638,0.784),(2,1.2,7.8,15,0.569),(3,1.72,20.1,112,0.281),(4,3.33,2.7,0,0.364),(5,0.21,51.6,241,0.334),(6,2.76,5,42,0.243),(7,3.96,8.8,39,0.176),(8,4.4,11,26,0.816),(9,3.68,3.1,6,0.196),(10,5.17,2.9,5,0.179),(11,3.45,19.2,26,0.786),(12,1.94,8.3,70,0.278),(13,0.93,6.1,14,0.251),(14,0.58,25.1,173,0.718),(15,2.48,11.3,27,0.452),(16,5.19,2.6,2,0.345),(17,3.07,2.9,5,0.176),(18,1.12,11.2,36,0.227),(19,0.08,60.5,397,0.405),(20,0.42,24.8,183,0.198),(21,1.59,21.8,155,0.259),(22,2.16,5,10,0.286),(23,0.37,30,144,0.053),(24,2.15,12.8,60,0.283),(25,1.61,9.8,31,0.06),(26,4.03,5.9,10,0.477),(27,0.08,49,320,0.361),(28,0.1,41,548,0.191),(29,0.23,59.4,617,0.36),(30,0.77,16.7,58,0.232),(31,0.17,24,160,0.594),(32,0.09,50.6,529,0.697),(33,2.61,4.3,10,0.146),(34,0.06,84.5,829,0.396),(35,0.04,71.4,1140,0.564),(36,2.59,6.2,13,0.322),(37,1.98,7.4,29,0.324),(38,2.18,12.2,83,0.183),(39,0.27,51.3,273,0.748),(40,0.12,36.2,378,0.438),(41,2.89,7.6,27,0.215),(42,3,4,8,0.152),(43,8.42,3.7,36,0),(44,1.95,1.9,6,0.439),(45,4.12,2.7,3,0.148),(46,0.07,68.2,473,0.374),(47,4.01,3.6,4,0.137),(48,0.22,49.8,248,0.204),(49,1.08,32.9,0,0.284),(50,1.56,24.1,95,0.437),(51,2.04,12.2,59,0.437),(52,0.45,18.1,37,0.62),(53,1.57,11.8,46,0.279),(54,0.4,62.6,301,0.72),(55,0.06,31.3,480,0.524),(56,4.48,2.1,9,0.228),(57,0,0,0,0.113),(58,0.08,39.1,401,0.378),(59,0.84,21.6,34,0.214),(60,3.81,1.4,3,0.199),(61,3.27,3.4,8,0.068),(62,0.68,32.7,252,0.259),(63,0.1,39,597,0.203),(64,7.12,8.7,25,0.573),(65,4.25,3.1,7,0.125),(66,0.14,34.9,308,0.361),(67,5.48,3.6,3,0.355),(68,1.41,13.7,25,0.57),(69,0.35,22.1,95,0.558),(70,0.08,64.9,576,0.545),(71,0.13,54,667,0.372),(72,0.8,25.1,169,0.405),(73,0.23,49.5,480,0.363),(74,0,0,0,0),(75,0.31,15.1,65,0.491),(76,3.41,3.6,12,0.29),(77,4.08,1.5,4,0.17),(78,0.86,29.9,145,0.651),(79,0.43,21.1,177,0.483),(80,1.58,12.4,16,0.397),(81,0.71,22.5,79,0.765),(82,3.31,3.1,5,0.152),(83,4.62,3,3,0.244),(84,3.98,2.6,2,0.228),(85,1.31,12.4,80,0.237),(86,2.41,1.8,5,0.131),(87,2.32,13.9,46,0.251),(88,3.25,8.8,10,0.388),(89,0.16,30.6,342,0.334),(90,0.2,41.2,92,0.002),(91,2.58,6.7,12,0.144),(92,1.88,16.9,60,0.482),(93,0.37,37.6,185,0.454),(94,3.19,3.3,19,0.416),(95,2.1,6.4,29,0.321),(96,0.07,65.7,544,0.169),(97,0.04,53.5,661,0.196),(98,2.09,10.2,72,0.367),(99,0,0,0,0),(100,6.35,3.3,8,0.321),(101,3.01,1.9,5,0.106),(102,0.18,38.2,335,0.217),(103,0.04,35.3,349,0.11),(104,1.51,6.7,29,0.367),(105,4.56,7.4,53,0.164),(106,0.13,62,562,0.463),(107,2.86,6.1,6,0.371),(108,0.42,27.4,0,0.1),(109,0.19,51.5,766,0.482),(110,2.53,13.6,61,0.507),(111,2.38,11,33,0.414),(112,0.18,25.6,88,0.025),(113,3.21,13.6,19,0.462),(114,6.56,2.6,0,0.061),(115,2.86,14,45,0.393),(116,2.76,2.3,6,0.318),(117,0.73,19.2,70,0.531),(118,0.08,54,289,0.068),(119,0.68,36.8,250,0.739),(120,0.42,29,195,0.083),(121,0,0,0,0),(122,0.75,26.7,186,0.604),(123,3.61,3.3,5,0.123),(124,3.59,4.7,9,0.126),(125,0.98,15.7,98,0.36),(126,0.04,48,509,0.523),(127,0.38,75.7,917,0.722),(128,3.67,13.7,89,0),(129,0,0,0,0.356),(130,2.92,2.1,2,0.143),(131,2,9.8,19,0.064),(132,0.98,57.2,140,0.665),(133,1.18,16.6,0,0.218),(134,0,0,0,0),(135,1.57,13.1,52,0.305),(136,0.07,38,145,0.058),(137,1.35,17.2,129,0.365),(138,1.27,11.1,88,0.309),(139,0.6,22.5,121,0.535),(140,2.38,3.8,2,0.232),(141,5.12,3.1,8,0.277),(142,2.49,5.8,9,0.062),(143,2.98,6.1,19,0.213),(144,4.01,6.1,17,0.364),(145,0.13,27,248,0.26),(146,2.52,9.8,0,0.566),(147,0.64,14.9,117,0.484),(148,0.66,14.8,68,0.214),(149,0.34,13.6,43,0.115),(150,6.11,1.7,0,0.183),(151,0.05,24.4,130,0.117),(152,2.61,6,17,0.15),(153,0.07,31.8,315,0.442),(154,3.11,4.8,12,0.406),(155,0.95,12.4,53,0.025),(156,0.03,78.5,1120,0.382),(157,2.29,2.3,8,0.367),(158,3.42,4.6,5,0.184),(159,3.09,1.7,7,0.125),(160,0.19,17.1,104,0.033),(161,0.02,76.6,829,0),(162,0.91,28.5,119,0.077),(163,2.36,2.7,11,0.368),(164,0,63.7,1150,0.613),(165,3.87,2.5,4,0.242),(166,1,6.4,36,0.384),(167,0.26,42.1,295,0.632),(168,1.21,16.9,120,0.101),(169,3.98,2.2,4,0.152),(170,4.3,3.7,5,0.283),(171,1.22,14,31,0.537),(172,1.7,30.4,17,0.631),(173,0.01,37.6,524,0.261),(174,0.81,7.8,37,0.118),(175,0.72,39.3,142,0.102),(176,0.08,47.4,396,0.51),(177,0.52,13.4,52,0.102),(178,4.17,16.4,67,0.373),(179,1.3,14.6,43,0.398),(180,1.85,9.1,17,0.169),(181,2.22,39.3,7,0.711),(182,0.92,20.6,0,0.007),(183,0.17,33.8,375,0.405),(184,2.99,7.5,19,0.478),(185,2.53,6.5,3,0.178),(186,2.81,3.6,7,0.148),(187,2.61,5.6,19,0.111),(188,5.05,6.4,17,0.162),(189,2.37,19.1,29,0.427),(190,0.17,22.3,72,0.089),(191,1.92,21.4,125,0.458),(192,0.82,16.5,43,0.435),(193,0.31,42.9,164,0.81),(194,1.19,40.4,213,0.275),(195,0.21,33.9,458,0.258);
/*!40000 ALTER TABLE `health` ENABLE KEYS */;
UNLOCK TABLES;

--
-- Table structure for table `military`
--

DROP TABLE IF EXISTS `military`;
/*!40101 SET @saved_cs_client     = @@character_set_client */;
/*!50503 SET character_set_client = utf8mb4 */;
CREATE TABLE `military` (
  `cID` int NOT NULL,
  `military_size` double DEFAULT NULL,
  PRIMARY KEY (`cID`),
  CONSTRAINT `h_cID` FOREIGN KEY (`cID`) REFERENCES `countries` (`cID`)
) ENGINE=InnoDB DEFAULT CHARSET=utf8mb3;
/*!40101 SET character_set_client = @saved_cs_client */;

--
-- Dumping data for table `military`
--

LOCK TABLES `military` WRITE;
/*!40000 ALTER TABLE `military` DISABLE KEYS */;
INSERT INTO `military` VALUES (1,323000),(2,9000),(3,317000),(4,0),(5,117000),(6,0),(7,105000),(8,49000),(9,58000),(10,21000),(11,82000),(12,1000),(13,19000),(14,221000),(15,1000),(16,155000),(17,32000),(18,2000),(19,12000),(20,6000),(21,71000),(22,11000),(23,9000),(24,730000),(25,8000),(26,31000),(27,11000),(28,31000),(29,27000),(30,1000),(31,191000),(32,24000),(33,72000),(34,8000),(35,35000),(36,122000),(37,2695000),(38,481000),(39,0),(40,12000),(41,10000),(42,18000),(43,76000),(44,16000),(45,23000),(46,134000),(47,15000),(48,13000),(49,0),(50,71000),(51,41000),(52,836000),(53,42000),(54,1000),(55,202000),(56,6000),(57,0),(58,138000),(59,4000),(60,25000),(61,307000),(62,7000),(63,1000),(64,26000),(65,180000),(66,16000),(67,146000),(68,0),(69,43000),(70,13000),(71,4000),(72,3000),(73,0),(74,0),(75,23000),(76,40000),(77,0),(78,3031000),(79,676000),(80,563000),(81,209000),(82,9000),(83,178000),(84,347000),(85,4000),(86,261000),(87,116000),(88,71000),(89,29000),(90,0),(91,25000),(92,21000),(93,129000),(94,6000),(95,80000),(96,2000),(97,2000),(98,0),(99,0),(100,34000),(101,2000),(102,22000),(103,15000),(104,136000),(105,5000),(106,18000),(107,2000),(108,0),(109,21000),(110,3000),(111,336000),(112,0),(113,7000),(114,0),(115,18000),(116,12000),(117,246000),(118,11000),(119,513000),(120,16000),(121,0),(122,112000),(123,41000),(124,9000),(125,12000),(126,10000),(127,215000),(128,1469000),(129,0),(130,23000),(131,47000),(132,936000),(133,0),(134,0),(135,26000),(136,4000),(137,27000),(138,158000),(139,153000),(140,191000),(141,52000),(142,22000),(143,126000),(144,1454000),(145,35000),(146,0),(147,0),(148,0),(149,0),(150,0),(151,1000),(152,252000),(153,19000),(154,32000),(155,0),(156,9000),(157,81000),(158,16000),(159,7000),(160,0),(161,20000),(162,80000),(163,634000),(164,185000),(165,196000),(166,317000),(167,124000),(168,2000),(169,30000),(170,21000),(171,239000),(172,17000),(173,28000),(174,455000),(175,2000),(176,10000),(177,0),(178,4000),(179,48000),(180,512000),(181,42000),(182,0),(183,46000),(184,297000),(185,63000),(186,148000),(187,1359000),(188,22000),(189,68000),(190,0),(191,343000),(192,522000),(193,40000),(194,16000),(195,51000);
/*!40000 ALTER TABLE `military` ENABLE KEYS */;
UNLOCK TABLES;

--
-- Table structure for table `population`
--

DROP TABLE IF EXISTS `population`;
/*!40101 SET @saved_cs_client     = @@character_set_client */;
/*!50503 SET character_set_client = utf8mb4 */;
CREATE TABLE `population` (
  `cID` int NOT NULL,
  `population` double DEFAULT NULL,
  `density` double DEFAULT NULL,
  `birth_rate` double DEFAULT NULL,
  `fertility_rate` double DEFAULT NULL,
  `life_expect` double DEFAULT NULL,
  `urban_pop` double DEFAULT NULL,
  `lab_parti_percent` double DEFAULT NULL,
  `unemp_rate_percent` double DEFAULT NULL,
  PRIMARY KEY (`cID`),
  CONSTRAINT `d_cID` FOREIGN KEY (`cID`) REFERENCES `countries` (`cID`)
) ENGINE=InnoDB DEFAULT CHARSET=utf8mb3;
/*!40101 SET character_set_client = @saved_cs_client */;

--
-- Dumping data for table `population`
--

LOCK TABLES `population` WRITE;
/*!40000 ALTER TABLE `population` DISABLE KEYS */;
INSERT INTO `population` VALUES (1,38041754,60,32.49,4.47,64.5,9797273,0.489,0.1112),(2,2854191,105,11.78,1.62,78.5,1747593,0.557,0.1233),(3,43053054,18,24.28,3.02,76.7,31510100,0.412,0.117),(4,77142,164,7.2,1.27,0,67873,0,0),(5,31825295,26,40.73,5.52,60.8,21061025,0.775,0.0689),(6,97118,223,15.33,1.99,76.9,23800,0,0),(7,44938712,17,17.02,2.26,76.5,41339571,0.613,0.0979),(8,2957731,104,13.99,1.76,74.9,1869848,0.556,0.1699),(9,25766605,3,12.6,1.74,82.7,21844756,0.655,0.0527),(10,8877067,109,9.7,1.47,81.6,5194416,0.607,0.0467),(11,10023318,123,14,1.73,72.9,5616165,0.665,0.0551),(12,389482,39,13.97,1.75,73.8,323784,0.746,0.1036),(13,1501635,2239,13.99,1.99,77.2,1467109,0.734,0.0071),(14,167310838,1265,18.18,2.04,72.3,60987417,0.59,0.0419),(15,287025,668,10.65,1.62,79.1,89431,0.652,0.1033),(16,9466856,47,9.9,1.45,74.2,7482982,0.641,0.0459),(17,11484055,383,10.3,1.62,81.6,11259082,0.536,0.0559),(18,390353,17,20.79,2.31,74.5,179039,0.651,0.0641),(19,11801151,108,36.22,4.84,61.5,5648149,0.709,0.0223),(20,727145,20,17.26,1.98,71.5,317538,0.667,0.0234),(21,11513100,11,21.75,2.73,71.2,8033035,0.718,0.035),(22,3301000,64,8.11,1.27,77.3,1605144,0.464,0.1842),(23,2346179,4,24.82,2.87,69.3,1616550,0.708,0.1819),(24,212559417,25,13.92,1.73,75.7,183241641,0.639,0.1208),(25,433285,83,14.9,1.85,75.7,337711,0.647,0.0912),(26,6975761,64,8.9,1.56,74.9,5256027,0.554,0.0434),(27,20321378,76,37.93,5.19,61.2,6092349,0.664,0.0626),(28,11530580,463,39.01,5.41,61.2,1541177,0.792,0.0143),(29,25716544,83,35.74,4.65,57.4,13176900,0.57,0.0332),(30,483628,138,19.49,2.27,72.8,364029,0.605,0.1225),(31,16486542,95,22.46,2.5,69.6,3924621,0.823,0.0068),(32,25876380,56,35.39,4.57,58.9,14741256,0.761,0.0338),(33,36991981,4,10.1,1.5,81.9,30628482,0.651,0.0556),(34,4745185,8,35.35,4.72,52.8,1982064,0.72,0.0368),(35,15946876,13,42.17,5.75,54,3712273,0.707,0.0189),(36,18952038,26,12.43,1.65,80,16610135,0.626,0.0709),(37,1397715000,153,10.9,1.69,77,842933962,0.68,0.0432),(38,50339443,46,14.88,1.81,77.1,40827302,0.688,0.0971),(39,850886,467,31.88,4.21,64.1,248152,0.433,0.0434),(40,5380508,16,32.86,4.43,64.3,3625010,0.694,0.0947),(41,5047561,100,13.97,1.75,80.1,4041885,0.621,0.1185),(42,4067500,73,9,1.47,78.1,2328318,0.512,0.0693),(43,11333483,106,10.17,1.62,78.7,8739135,0.536,0.0164),(44,1198575,131,10.46,1.33,80.8,800708,0.631,0.0727),(45,10669709,139,10.7,1.69,79,7887156,0.606,0.0193),(46,86790567,40,41.18,5.92,60.4,39095679,0.635,0.0424),(47,5818553,137,10.6,1.73,81,5119978,0.622,0.0491),(48,973560,43,21.47,2.73,66.6,758549,0.602,0.103),(49,71808,96,12,1.9,76.6,50830,0,0),(50,10738958,225,19.51,2.35,73.9,8787475,0.643,0.0584),(51,17373662,71,19.72,2.43,76.8,11116711,0.68,0.0397),(52,100388073,103,26.38,3.33,71.8,42895824,0.464,0.1076),(53,6453553,313,18.25,2.04,73.1,4694702,0.591,0.0411),(54,1355986,50,33.24,4.51,58.4,984812,0.62,0.0643),(55,6333135,35,30.3,4.06,65.9,1149670,0.784,0.0514),(56,1331824,31,10.9,1.59,78.2,916024,0.636,0.0511),(57,1093238,67,0,0,0,0,0,0),(58,112078730,115,32.34,4.25,66.2,23788710,0.796,0.0208),(59,889953,49,21.28,2.77,67.3,505048,0.576,0.041),(60,5520314,18,8.6,1.41,81.7,4716888,0.591,0.0659),(61,67059887,119,11.3,1.88,82.5,54123364,0.551,0.0843),(62,2172579,9,31.61,3.97,66.2,1949694,0.529,0.2),(63,2347706,239,38.54,5.22,61.7,1453958,0.594,0.0906),(64,3720382,57,13.47,2.06,73.6,2196476,0.683,0.144),(65,83132799,240,9.5,1.56,80.9,64324835,0.608,0.0304),(66,30792608,137,29.41,3.87,63.8,17249054,0.678,0.0433),(67,10716322,81,8.1,1.35,81.3,8507474,0.518,0.1724),(68,112003,331,16.47,2.06,72.4,40765,0,0),(69,16604026,167,24.56,2.87,74.1,8540945,0.623,0.0246),(70,12771246,53,36.36,4.7,61.2,4661505,0.615,0.043),(71,1920922,70,35.13,4.48,58,840922,0.72,0.0247),(72,782766,4,19.97,2.46,69.8,208912,0.562,0.1185),(73,11263077,414,24.35,2.94,63.7,6328948,0.672,0.1378),(74,836,2003,0,0,0,0,0,0),(75,9746117,89,21.6,2.46,75.1,5626433,0.688,0.0539),(76,9769949,107,9.6,1.54,75.8,6999582,0.565,0.034),(77,361313,3,12,1.71,82.7,339110,0.75,0.0284),(78,1366417754,464,17.86,2.22,69.4,471031528,0.493,0.0536),(79,270203917,151,18.07,2.31,71.5,151509724,0.675,0.0469),(80,82913906,52,18.78,2.14,76.5,62509623,0.447,0.1138),(81,39309783,93,29.08,3.67,70.5,27783368,0.43,0.1282),(82,5007069,72,12.5,1.75,82.3,3133123,0.621,0.0493),(83,9053300,400,20.8,3.09,82.8,8374393,0.64,0.0386),(84,60297396,206,7.3,1.29,82.9,42651966,0.496,0.0989),(85,2948279,273,16.1,1.98,74.4,1650594,0.66,0.08),(86,126226568,347,7.4,1.42,84.2,115782416,0.617,0.0229),(87,10101694,115,21.98,2.76,74.4,9213048,0.393,0.1472),(88,18513930,7,21.77,2.84,73.2,10652915,0.688,0.0459),(89,52573973,94,28.75,3.49,66.3,14461523,0.747,0.0264),(90,117606,147,27.89,3.57,68.1,64489,0,0),(91,4207083,240,13.94,2.08,75.4,4207083,0.735,0.0218),(92,6456900,34,27.1,3.3,71.4,2362644,0.598,0.0633),(93,7169455,32,23.55,2.67,67.6,2555552,0.785,0.0063),(94,1912789,30,10,1.6,74.7,1304943,0.614,0.0652),(95,6855713,667,17.55,2.09,78.9,6084994,0.47,0.0623),(96,2125268,71,26.81,3.14,53.7,607508,0.679,0.2341),(97,4937374,53,33.04,4.32,63.7,2548426,0.763,0.0281),(98,6777452,4,18.83,2.24,72.7,5448597,0.497,0.1856),(99,38019,238,9.9,1.44,83,5464,0,0),(100,2786844,43,10,1.63,75.7,1891013,0.616,0.0635),(101,645397,242,10.3,1.37,82.1,565488,0.593,0.0536),(102,26969307,48,32.66,4.08,66.7,10210849,0.861,0.0176),(103,18628747,203,34.12,4.21,63.8,3199301,0.767,0.0565),(104,32447385,99,16.75,2,76,24475766,0.643,0.0332),(105,530953,1802,14.2,1.87,78.6,213645,0.698,0.0614),(106,19658031,17,41.54,5.88,58.9,8479688,0.708,0.0722),(107,502653,1380,9.2,1.23,82.3,475902,0.565,0.0347),(108,58791,329,29.03,4.05,65.2,45514,0,0),(109,4525696,5,33.69,4.56,64.7,2466821,0.459,0.0955),(110,1265711,626,10.2,1.41,74.4,515980,0.583,0.0667),(111,126014024,66,17.6,2.13,75,102626859,0.607,0.0342),(112,113815,784,22.82,3.05,67.8,25963,0,0),(113,2657637,123,10.1,1.26,71.8,1135502,0.431,0.0547),(114,38964,26337,5.9,0,0,38964,0,0),(115,3225167,2,24.13,2.9,69.7,2210626,0.597,0.0601),(116,622137,47,11.73,1.75,76.8,417765,0.544,0.1488),(117,36910560,83,18.94,2.42,76.5,22975026,0.453,0.0902),(118,30366036,40,37.52,4.85,60.2,11092106,0.781,0.0324),(119,54045420,83,17.55,2.15,66.9,16674093,0.617,0.0158),(120,2494530,3,28.64,3.4,63.4,1273258,0.595,0.2027),(121,10084,541,0,0,0,0,0,0),(122,28608710,203,19.89,1.92,70.5,5765513,0.838,0.0141),(123,17332850,508,9.7,1.59,81.8,15924729,0.636,0.032),(124,4841000,18,11.98,1.71,81.9,4258860,0.699,0.0407),(125,6545502,55,20.64,2.4,74.3,3846137,0.664,0.0684),(126,23310715,19,46.08,6.91,62,3850231,0.72,0.0047),(127,200963599,226,37.91,5.39,54.3,102806948,0.529,0.081),(128,25666161,214,13.89,1.9,72.1,15947412,0.804,0.0274),(129,1836713,83,0,0,0,0,0,0),(130,5347896,15,10.4,1.56,82.8,4418218,0.638,0.0335),(131,5266535,16,19.19,2.89,77.6,4250777,0.724,0.0267),(132,216565318,287,28.25,3.51,67.1,79927762,0.526,0.0445),(133,18233,39,14,2.21,69.1,14491,0,0),(134,0,847,0,0,0,0,0,0),(135,4246439,58,18.98,2.46,78.3,2890084,0.666,0.039),(136,8776109,20,27.07,3.56,64.3,1162834,0.472,0.0246),(137,7044636,18,20.57,2.43,74.1,4359150,0.721,0.0481),(138,32510453,26,17.95,2.25,76.5,25390339,0.776,0.0331),(139,108116615,368,20.55,2.58,71.1,50975903,0.596,0.0215),(140,37970874,124,10.2,1.46,77.6,22796574,0.567,0.0347),(141,10269417,111,8.5,1.38,81.3,6753579,0.588,0.0633),(142,2832067,248,9.54,1.87,80.1,2809071,0.868,0.0009),(143,19356544,84,9.6,1.71,75.4,10468793,0.547,0.0398),(144,144373535,9,11.5,1.57,72.7,107683889,0.618,0.0459),(145,12626950,525,31.7,4.04,68.7,2186104,0.837,0.0103),(146,52823,205,12.6,2.11,71.3,16269,0,0),(147,182790,301,12,1.44,76.1,34280,0.671,0.2071),(148,100455,284,14.24,1.89,72.4,58185,0.659,0.1888),(149,202506,70,24.38,3.88,73.2,35588,0.437,0.0836),(150,33860,566,6.8,1.26,85.4,32969,0,0),(151,215056,228,31.54,4.32,70.2,158277,0.578,0.1337),(152,34268528,16,17.8,2.32,75,28807838,0.559,0.0593),(153,16296364,87,34.52,4.63,67.7,7765706,0.457,0.066),(154,6944975,100,9.2,1.49,75.5,3907243,0.549,0.1269),(155,97625,214,17.1,2.41,72.8,55762,0,0),(156,7813215,111,33.41,4.26,54.3,3319366,0.579,0.0443),(157,5703569,8358,8.8,1.14,83.1,5703569,0.705,0.0411),(158,5454073,114,10.6,1.52,77.2,2930419,0.595,0.0556),(159,2087946,103,9.4,1.6,81,1144654,0.584,0.042),(160,669823,25,32.44,4.4,72.8,162164,0.838,0.0058),(161,15442905,25,41.75,6.07,57.1,7034861,0.474,0.1135),(162,58558270,49,20.51,2.41,63.9,39149717,0.56,0.2818),(163,51709098,527,6.4,0.98,82.6,42106719,0.63,0.0415),(164,11062113,18,35.01,4.7,57.6,2201250,0.724,0.1224),(165,47076781,94,7.9,1.26,83.3,37927409,0.575,0.1396),(166,21803000,341,15.83,2.2,76.8,4052088,0.539,0.042),(167,42813238,25,32.18,4.41,65.1,14957233,0.484,0.1653),(168,581372,4,18.54,2.42,71.6,384258,0.511,0.0733),(169,10285453,25,11.4,1.76,82.5,9021165,0.646,0.0648),(170,8574832,219,10,1.52,83.6,6332428,0.683,0.0458),(171,17070135,95,23.69,2.81,71.8,9358019,0.441,0.0837),(172,9321018,68,30.76,3.59,70.9,2545477,0.42,0.1102),(173,58005463,67,36.7,4.89,65,20011885,0.834,0.0198),(174,69625582,137,10.34,1.53,76.9,35294600,0.673,0.0075),(175,3500000,89,29.42,4.02,69.3,400182,0.673,0.0455),(176,8082366,152,33.11,4.32,60.8,3414638,0.776,0.0204),(177,100209,147,24.3,3.56,70.8,24145,0.598,0.0112),(178,1394973,273,12.94,1.73,73.4,741944,0.6,0.0269),(179,11694719,76,17.56,2.2,76.5,8099061,0.461,0.1602),(180,83429615,110,16.03,2.07,77.4,63097818,0.528,0.1349),(181,5942089,13,23.83,2.79,68.1,3092738,0.645,0.0391),(182,11646,393,0,0,0,7362,0,0),(183,44269594,229,38.14,4.96,63,10784516,0.703,0.0184),(184,44385155,75,8.7,1.3,71.6,30835699,0.542,0.0888),(185,9770529,118,10.33,1.41,77.8,8479744,0.821,0.0235),(186,66834405,281,11,1.68,81.3,55908316,0.628,0.0385),(187,328239523,36,11.6,1.73,78.5,270663028,0.62,0.147),(188,3461734,20,13.86,1.97,77.8,3303394,0.64,0.0873),(189,33580650,79,23.3,2.42,71.6,16935729,0.651,0.0592),(190,299882,25,29.6,3.78,70.3,76152,0.699,0.0439),(191,28515829,32,17.88,2.27,72.1,25162368,0.597,0.088),(192,96462106,314,16.75,2.05,75.3,35332140,0.774,0.0201),(193,29161922,56,30.45,3.79,66.1,10869523,0.38,0.1291),(194,17861030,25,36.19,4.63,63.5,7871713,0.746,0.1143),(195,14645468,38,30.68,3.62,61.2,4717305,0.831,0.0495);
/*!40000 ALTER TABLE `population` ENABLE KEYS */;
UNLOCK TABLES;
/*!40103 SET TIME_ZONE=@OLD_TIME_ZONE */;

/*!40101 SET SQL_MODE=@OLD_SQL_MODE */;
/*!40014 SET FOREIGN_KEY_CHECKS=@OLD_FOREIGN_KEY_CHECKS */;
/*!40014 SET UNIQUE_CHECKS=@OLD_UNIQUE_CHECKS */;
/*!40101 SET CHARACTER_SET_CLIENT=@OLD_CHARACTER_SET_CLIENT */;
/*!40101 SET CHARACTER_SET_RESULTS=@OLD_CHARACTER_SET_RESULTS */;
/*!40101 SET COLLATION_CONNECTION=@OLD_COLLATION_CONNECTION */;
/*!40111 SET SQL_NOTES=@OLD_SQL_NOTES */;

-- Dump completed on 2023-08-24 18:50:16
